{"cameraMode":{"drawMode":0,"name":"Shaded","section":"Shading Mode"},"sceneLighting":true,"audioPlay":false,"sceneViewState":{"m_AlwaysRefresh":false,"showFog":true,"showSkybox":true,"showFlares":true,"showImageEffects":true,"showParticleSystems":true,"showVisualEffectGraphs":true,"m_FxEnabled":false},"in2DMode":false,"pivot":{"x":21.887720108032228,"y":11.178374290466309,"z":2.167701244354248},"rotation":{"x":0.40201011300086977,"y":0.03434285148978233,"z":-0.015066491439938546,"w":0.9148872494697571},"size":22.935293197631837,"orthographic":true}